{
  "N (Kg/ha)": {
    "min": 0.0,
    "max": 470.97,
    "bin_edges": [
      0.0,
      47.097,
      94.194,
      141.291,
      188.388,
      235.485,
      282.582,
      329.67900000000003,
      376.776,
      423.873,
      470.97
    ],
    "expected": [
      0.36449846200015007,
      0.3318628554280141,
      0.18885137669742666,
      0.08672818666066472,
      0.022252231975392004,
      0.003481131367694501,
      0.001185385250206317,
      0.0004051316677920324,
      0.00036011703803736213,
      0.00037512191462225225
    ]
  },
  "P (Kg/ha)": {
    "min": 0.0,
    "max": 251.16,
    "bin_edges": [
      0.0,
      25.116,
      50.232,
      75.348,
      100.464,
      125.58,
      150.696,
      175.812,
      200.928,
      226.04399999999998,
      251.16
    ],
    "expected": [
      0.4593592917698252,
      0.406827218846125,
      0.10642958961662541,
      0.02036161752569585,
      0.004441443469127467,
      0.0016055217945832396,
      0.0007352389526596144,
      0.0,
      0.0,
      0.00024007802535824143
    ]
  },
  "K (Kg/ha)": {
    "min": 0.0,
    "max": 222.54,
    "bin_edges": [
      0.0,
      22.253999999999998,
      44.507999999999996,
      66.762,
      89.01599999999999,
      111.26999999999998,
      133.524,
      155.778,
      178.03199999999998,
      200.28599999999997,
      222.54
    ],
    "expected": [
      0.8058819116212769,
      0.14119588866381574,
      0.03863755720609198,
      0.012243979293270313,
      0.0009753169780178558,
      0.0008102633355840649,
      0.0,
      0.0,
      0.0,
      0.0002550829019431315
    ]
  },
  "Annual Rainfall (mm)": {
    "min": 7.0,
    "max": 5007.0,
    "bin_edges": [
      7.0,
      507.0,
      1007.0,
      1507.0,
      2007.0,
      2507.0,
      3007.0,
      3507.0,
      4007.0,
      4507.0,
      5007.0
    ],
    "expected": [
      0.15150423887763523,
      0.47895566058969163,
      0.2387575962187711,
      0.0775001875609573,
      0.022687373396353815,
      0.015650086278040362,
      0.009738164903593667,
      0.0037212093930527423,
      0.0010953559906969766,
      0.0003901267912071423
    ]
  },
  "Kharif Rainfall (mm)": {
    "min": 0.0,
    "max": 4084.5,
    "bin_edges": [
      0.0,
      408.45,
      816.9,
      1225.35,
      1633.8,
      2042.25,
      2450.7,
      2859.15,
      3267.6,
      3676.0499999999997,
      4084.5
    ],
    "expected": [
      0.21715057393652937,
      0.41002325755870656,
      0.24589991747317877,
      0.07410908545277214,
      0.023962787906069472,
      0.013129267011778828,
      0.008882886938254933,
      0.004726536124240378,
      0.0014404681521494485,
      0.0006752194463200541
    ]
  },
  "Rabi Rainfall (mm)": {
    "min": 0.0,
    "max": 3899.7,
    "bin_edges": [
      0.0,
      389.96999999999997,
      779.9399999999999,
      1169.9099999999999,
      1559.8799999999999,
      1949.85,
      2339.8199999999997,
      2729.79,
      3119.7599999999998,
      3509.7299999999996,
      3899.7
    ],
    "expected": [
      0.9324780553679946,
      0.056283292069922726,
      0.009167979593367844,
      0.00169555105409258,
      0.00015004876584890088,
      0.0,
      0.0,
      0.0,
      0.0,
      0.00022507314877335134
    ]
  },
  "Irrigation Ratio": {
    "min": 0.0,
    "max": 1.0,
    "bin_edges": [
      0.0,
      0.1,
      0.2,
      0.30000000000000004,
      0.4,
      0.5,
      0.6000000000000001,
      0.7000000000000001,
      0.8,
      0.9,
      1.0
    ],
    "expected": [
      0.6316902993472878,
      0.04297396653912522,
      0.03014479705904419,
      0.024067822042163702,
      0.02018155900667717,
      0.024202865931427713,
      0.01844099332282992,
      0.01980643709205492,
      0.02643859254257634,
      0.16205266711681296
    ]
  }
}